[{"fields":[{"id":"0","type":"name","label":"Name","format":"simple","description":"","required":"1","size":"large","simple_placeholder":"","simple_default":"","first_placeholder":"","first_default":"","middle_placeholder":"","middle_default":"","last_placeholder":"","last_default":"","css":""},{"id":"1","type":"email","label":"Email","description":"","required":"1","size":"large","placeholder":"","confirmation_placeholder":"","default_value":false,"filter_type":"","allowlist":"","denylist":"","css":""},{"id":"2","type":"textarea","label":"Comment or Message","description":"","size":"medium","placeholder":"","limit_count":"1","limit_mode":"characters","default_value":"","css":""}],"id":"816","field_id":3,"settings":{"form_title":"Simple Contact Form","form_desc":"","submit_text":"Send Message","submit_text_processing":"Sending...","antispam":"1","form_class":"","submit_class":"","ajax_submit":"1","notification_enable":"1","notifications":{"1":{"email":"{admin_email}","subject":"New Entry: Simple Contact Form","sender_name":"Digital Product Store","sender_address":"{admin_email}","replyto":"{field_id=\"1\"}","message":"{all_fields}"}},"confirmations":{"1":{"type":"message","message":"\u003Cp\u003EThanks for contacting us! We will be in touch with you shortly.\u003C\/p\u003E","message_scroll":"1","page":"645","redirect":""}},"form_tags":[]},"meta":{"template":"simple-contact-form-template"}},{"fields":{"2":{"id":"2","type":"email","label":"Email","description":"","required":"1","size":"large","placeholder":"Enter your email address","confirmation_placeholder":"","default_value":false,"filter_type":"","allowlist":"","denylist":"","css":"","label_hide":"1"}},"id":"486","field_id":3,"settings":{"form_title":"Newsletter Signup Form","form_desc":"","submit_text":"Subscribe","submit_text_processing":"Sending...","antispam":"1","form_class":"inline-fields","submit_class":"","ajax_submit":"1","notification_enable":"1","notifications":{"1":{"email":"{admin_email}","subject":"New Entry: Newsletter Signup Form","sender_name":"Digital Product Store","sender_address":"{admin_email}","replyto":"{field_id=\"2\"}","message":"{all_fields}"}},"confirmations":{"1":{"type":"message","message":"\u003Cp\u003EThanks for signing up for the newsletter! We'll be in touch soon.\u003C\/p\u003E","message_scroll":"1","page":"2","redirect":""}},"form_tags":[]},"meta":{"template":"4bf2a29bffb74b5530d89949041b535d"}}]